{"1": {"single": 0.6996336996336996, "taken": 0.30036630036630035}, "2": {"single": 0.5714285714285714, "taken": 0.42857142857142855}, "3": {"single": 0.5421245421245421, "taken": 0.45787545787545786}, "4": {"taken": 0.5164835164835165, "single": 0.4835164835164835}, "5": {"taken": 0.5128205128205128, "single": 0.48717948717948717}, "6": {"taken": 0.5457875457875457, "single": 0.4542124542124542}, "7": {"taken": 0.5604395604395604, "single": 0.43956043956043955}, "8": {"taken": 0.5457875457875457, "single": 0.4542124542124542}, "9": {"taken": 0.5238095238095238, "single": 0.47619047619047616}, "1611510908.268316": {"globals": {"year": 0, "date_frequency": 1, "social": 0.8, "step": 9, "conservative": 1}, "stats": {"1": {"single": 0.6996336996336996, "taken": 0.30036630036630035}, "2": {"single": 0.5714285714285714, "taken": 0.42857142857142855}, "3": {"single": 0.5421245421245421, "taken": 0.45787545787545786}, "4": {"taken": 0.5164835164835165, "single": 0.4835164835164835}, "5": {"taken": 0.5128205128205128, "single": 0.48717948717948717}, "6": {"taken": 0.5457875457875457, "single": 0.4542124542124542}, "7": {"taken": 0.5604395604395604, "single": 0.43956043956043955}, "8": {"taken": 0.5457875457875457, "single": 0.4542124542124542}, "9": {"taken": 0.5238095238095238, "single": 0.47619047619047616}}}}