{"1": {"single": 0.8717948717948718, "taken": 0.1282051282051282}, "2": {"single": 0.8278388278388278, "taken": 0.17216117216117216}, "3": {"single": 0.7985347985347986, "taken": 0.20146520146520147}, "4": {"single": 0.7912087912087912, "taken": 0.2087912087912088}, "5": {"single": 0.7802197802197802, "taken": 0.21978021978021978}, "6": {"single": 0.7985347985347986, "taken": 0.20146520146520147}, "7": {"single": 0.7948717948717948, "taken": 0.20512820512820512}, "8": {"single": 0.7948717948717948, "taken": 0.20512820512820512}, "9": {"single": 0.7362637362637363, "taken": 0.26373626373626374}, "1611453378.973036": {"globals": {"year": 0, "date_frequency": 1, "social": 0.5, "step": 9, "conservative": 0.5}, "stats": {"1": {"single": 0.8717948717948718, "taken": 0.1282051282051282}, "2": {"single": 0.8278388278388278, "taken": 0.17216117216117216}, "3": {"single": 0.7985347985347986, "taken": 0.20146520146520147}, "4": {"single": 0.7912087912087912, "taken": 0.2087912087912088}, "5": {"single": 0.7802197802197802, "taken": 0.21978021978021978}, "6": {"single": 0.7985347985347986, "taken": 0.20146520146520147}, "7": {"single": 0.7948717948717948, "taken": 0.20512820512820512}, "8": {"single": 0.7948717948717948, "taken": 0.20512820512820512}, "9": {"single": 0.7362637362637363, "taken": 0.26373626373626374}}}}